{
  "hash": "3c0ab716",
  "configHash": "2899fe43",
  "lockfileHash": "314dae63",
  "browserHash": "a965c784",
  "optimized": {
    "@angular/cdk/bidi": {
      "src": "../../../../../../node_modules/@angular/cdk/fesm2022/bidi.mjs",
      "file": "@angular_cdk_bidi.js",
      "fileHash": "1aacc14d",
      "needsInterop": false
    },
    "@angular/cdk/text-field": {
      "src": "../../../../../../node_modules/@angular/cdk/fesm2022/text-field.mjs",
      "file": "@angular_cdk_text-field.js",
      "fileHash": "45b5f417",
      "needsInterop": false
    },
    "@angular/common": {
      "src": "../../../../../../node_modules/@angular/common/fesm2022/common.mjs",
      "file": "@angular_common.js",
      "fileHash": "0da14646",
      "needsInterop": false
    },
    "@angular/common/http": {
      "src": "../../../../../../node_modules/@angular/common/fesm2022/http.mjs",
      "file": "@angular_common_http.js",
      "fileHash": "647bc49d",
      "needsInterop": false
    },
    "@angular/core": {
      "src": "../../../../../../node_modules/@angular/core/fesm2022/core.mjs",
      "file": "@angular_core.js",
      "fileHash": "3276a366",
      "needsInterop": false
    },
    "@angular/forms": {
      "src": "../../../../../../node_modules/@angular/forms/fesm2022/forms.mjs",
      "file": "@angular_forms.js",
      "fileHash": "df9bb536",
      "needsInterop": false
    },
    "@angular/material/button": {
      "src": "../../../../../../node_modules/@angular/material/fesm2022/button.mjs",
      "file": "@angular_material_button.js",
      "fileHash": "0b567cf7",
      "needsInterop": false
    },
    "@angular/material/card": {
      "src": "../../../../../../node_modules/@angular/material/fesm2022/card.mjs",
      "file": "@angular_material_card.js",
      "fileHash": "042098b1",
      "needsInterop": false
    },
    "@angular/material/core": {
      "src": "../../../../../../node_modules/@angular/material/fesm2022/core.mjs",
      "file": "@angular_material_core.js",
      "fileHash": "39c0a6d8",
      "needsInterop": false
    },
    "@angular/material/form-field": {
      "src": "../../../../../../node_modules/@angular/material/fesm2022/form-field.mjs",
      "file": "@angular_material_form-field.js",
      "fileHash": "56ae66e4",
      "needsInterop": false
    },
    "@angular/material/grid-list": {
      "src": "../../../../../../node_modules/@angular/material/fesm2022/grid-list.mjs",
      "file": "@angular_material_grid-list.js",
      "fileHash": "af2a9d9d",
      "needsInterop": false
    },
    "@angular/material/icon": {
      "src": "../../../../../../node_modules/@angular/material/fesm2022/icon.mjs",
      "file": "@angular_material_icon.js",
      "fileHash": "3f02c05b",
      "needsInterop": false
    },
    "@angular/material/input": {
      "src": "../../../../../../node_modules/@angular/material/fesm2022/input.mjs",
      "file": "@angular_material_input.js",
      "fileHash": "9a0d62a1",
      "needsInterop": false
    },
    "@angular/material/progress-spinner": {
      "src": "../../../../../../node_modules/@angular/material/fesm2022/progress-spinner.mjs",
      "file": "@angular_material_progress-spinner.js",
      "fileHash": "070b14d4",
      "needsInterop": false
    },
    "@angular/material/toolbar": {
      "src": "../../../../../../node_modules/@angular/material/fesm2022/toolbar.mjs",
      "file": "@angular_material_toolbar.js",
      "fileHash": "994e684d",
      "needsInterop": false
    },
    "@angular/platform-browser": {
      "src": "../../../../../../node_modules/@angular/platform-browser/fesm2022/platform-browser.mjs",
      "file": "@angular_platform-browser.js",
      "fileHash": "8bae2320",
      "needsInterop": false
    },
    "@angular/platform-browser/animations": {
      "src": "../../../../../../node_modules/@angular/platform-browser/fesm2022/animations.mjs",
      "file": "@angular_platform-browser_animations.js",
      "fileHash": "2a04bdf4",
      "needsInterop": false
    },
    "@angular/router": {
      "src": "../../../../../../node_modules/@angular/router/fesm2022/router.mjs",
      "file": "@angular_router.js",
      "fileHash": "0f163637",
      "needsInterop": false
    },
    "@auth0/angular-jwt": {
      "src": "../../../../../../node_modules/@auth0/angular-jwt/fesm2020/auth0-angular-jwt.mjs",
      "file": "@auth0_angular-jwt.js",
      "fileHash": "4d59ad84",
      "needsInterop": false
    },
    "ngx-toastr": {
      "src": "../../../../../../node_modules/ngx-toastr/fesm2022/ngx-toastr.mjs",
      "file": "ngx-toastr.js",
      "fileHash": "371b0ea4",
      "needsInterop": false
    },
    "rxjs": {
      "src": "../../../../../../node_modules/rxjs/dist/esm5/index.js",
      "file": "rxjs.js",
      "fileHash": "a5442eea",
      "needsInterop": false
    }
  },
  "chunks": {
    "chunk-XZQM3LNF": {
      "file": "chunk-XZQM3LNF.js"
    },
    "chunk-AKY6NA4V": {
      "file": "chunk-AKY6NA4V.js"
    },
    "chunk-WHQYJTSS": {
      "file": "chunk-WHQYJTSS.js"
    },
    "chunk-PY6DKUIK": {
      "file": "chunk-PY6DKUIK.js"
    },
    "chunk-GQTCAU7K": {
      "file": "chunk-GQTCAU7K.js"
    },
    "chunk-CZVWPZSO": {
      "file": "chunk-CZVWPZSO.js"
    },
    "chunk-J5NNQYPT": {
      "file": "chunk-J5NNQYPT.js"
    },
    "chunk-DJA4WAMA": {
      "file": "chunk-DJA4WAMA.js"
    },
    "chunk-L34ZC4X5": {
      "file": "chunk-L34ZC4X5.js"
    },
    "chunk-FDHP4TYI": {
      "file": "chunk-FDHP4TYI.js"
    },
    "chunk-67NM7YT2": {
      "file": "chunk-67NM7YT2.js"
    },
    "chunk-S35MAB2V": {
      "file": "chunk-S35MAB2V.js"
    }
  }
}